Grand Theft Auto V,Red Dead Redemption 2
Grand Theft Auto V,Red Dead Redemption 2
Grand Theft Auto V,Red Dead Redemption 2
Grand Theft Auto V,Red Dead Redemption 2
Grand Theft Auto V,Red Dead Redemption 2
Grand Theft Auto V,Red Dead Redemption 2
Grand Theft Auto V,Red Dead Redemption 2
Grand Theft Auto V,Red Dead Redemption 2
Call of Duty: Black Ops 3,Need for Speed Rivals
Call of Duty: WWII,FIFA 15
FIFA 18,FIFA 17
FIFA 18,FIFA 16
FIFA 18,FIFA 17
FIFA 18,FIFA 17
FIFA 18,FIFA 16
FIFA 18,The Order: 1886
FIFA 18,FIFA 17
FIFA 18,Need for Speed Rivals
FIFA 18,FIFA 17
FIFA 18,FIFA 16
FIFA 18,FIFA 17
FIFA 18,FIFA 16
FIFA 18,FIFA 16
FIFA 18,FIFA 17
FIFA 18,FIFA 16
FIFA 18,FIFA 16
FIFA 18,FIFA 17
FIFA 18,FIFA 16
FIFA 18,FIFA 16
FIFA 18,FIFA 17
FIFA 18,FIFA 16
FIFA 18,FIFA 16
FIFA 18,FIFA 17
FIFA 18,FIFA 17
FIFA 18,FIFA 17
FIFA 18,FIFA 16
FIFA 18,FIFA 16
FIFA 18,FIFA 17
FIFA 18,FIFA 16
FIFA 18,FIFA 17
FIFA 18,FIFA 16
FIFA 18,FIFA 17
FIFA 18,FIFA 17
FIFA 18,FIFA 17
FIFA 18,FIFA 17
FIFA 18,FIFA 17
FIFA 18,FIFA 17
FIFA 18,FIFA 17
FIFA 18,FIFA 16
FIFA 18,FIFA 17
FIFA 18,FIFA 17
FIFA 18,FIFA 16
FIFA 18,FIFA 17
FIFA 18,FIFA 16
FIFA 18,Plants vs. Zombies: Garden Warfare 2
FIFA 18,FIFA 17
FIFA 18,FIFA 16
FIFA 18,FIFA 17
FIFA 18,FIFA 16
FIFA 18,FIFA 17
FIFA 18,FIFA 17
FIFA 18,FIFA 17
FIFA 18,FIFA 16
FIFA 18,FIFA 17
FIFA 18,FIFA 17
FIFA 18,FIFA 17
FIFA 18,FIFA 16
FIFA 18,FIFA 17
FIFA 18,FIFA 16
FIFA 18,FIFA 17
FIFA 18,FIFA 16
FIFA 18,FIFA 17
FIFA 18,FIFA 16
FIFA 18,FIFA 16
FIFA 18,FIFA 17
FIFA 18,FIFA 17
FIFA 18,FIFA 16
FIFA 18,FIFA 17
FIFA 18,FIFA 16
FIFA 18,FIFA 17
FIFA 18,FIFA 16
FIFA 17,FIFA 16
FIFA 17,FIFA 16
FIFA 17,FIFA 16
FIFA 17,The Order: 1886
FIFA 17,FIFA 16
FIFA 17,FIFA 16
FIFA 17,FIFA 16
FIFA 17,FIFA 16
FIFA 17,FIFA 16
FIFA 17,FIFA 16
FIFA 17,FIFA 16
FIFA 17,FIFA 16
FIFA 17,FIFA 16
FIFA 17,FIFA 16
FIFA 17,FIFA 16
FIFA 17,FIFA 16
FIFA 17,Need for Speed Rivals
FIFA 17,FIFA 16
FIFA 17,FIFA 16
FIFA 17,FIFA 16
FIFA 17,FIFA 16
FIFA 17,FIFA 16
FIFA 17,FIFA 16
FIFA 17,FIFA 16
FIFA 17,FIFA 16
FIFA 17,FIFA 16
FIFA 17,FIFA 16
FIFA 17,FIFA 16
FIFA 17,FIFA 16
FIFA 17,FIFA 16
FIFA 17,Plants vs. Zombies: Garden Warfare 2
FIFA 17,FIFA 16
FIFA 17,FIFA 16
FIFA 17,FIFA 16
FIFA 17,FIFA 16
FIFA 17,FIFA 16
FIFA 17,FIFA 16
FIFA 17,FIFA 16
FIFA 17,FIFA 16
FIFA 17,FIFA 16
FIFA 17,FIFA 16
FIFA 17,FIFA 16
FIFA 17,FIFA 16
FIFA 17,FIFA 16
FIFA 17,FIFA 16
Uncharted: A Thief's End (PS4),The Last of Us
Uncharted: A Thief's End (PS4),The Last of Us
Uncharted: A Thief's End (PS4),The Last of Us
Uncharted: A Thief's End (PS4),Uncharted 2: Among Thieves
Uncharted: A Thief's End (PS4),Uncharted: The Lost Legacy
Uncharted: A Thief's End (PS4),The Last of Us
Uncharted: A Thief's End (PS4),Uncharted: The Lost Legacy
Uncharted: A Thief's End (PS4),The Last of Us
Uncharted: A Thief's End (PS4),Uncharted: The Lost Legacy
Uncharted: A Thief's End (PS4),Uncharted: The Lost Legacy
Uncharted: A Thief's End (PS4),The Last of Us
Uncharted: A Thief's End (PS4),Uncharted: The Lost Legacy
Uncharted: A Thief's End (PS4),Uncharted 2: Among Thieves
Uncharted: A Thief's End (PS4),Uncharted: Drake's Fortune
Uncharted: A Thief's End (PS4),The Last of Us
Uncharted: A Thief's End (PS4),Uncharted: The Lost Legacy
Uncharted: A Thief's End (PS4),Uncharted 3: Drake's Deception
Uncharted: A Thief's End (PS4),The Last of Us
Uncharted: A Thief's End (PS4),Uncharted: The Lost Legacy
Uncharted: A Thief's End (PS4),Uncharted 3: Drake's Deception
Uncharted: A Thief's End (PS4),Uncharted: The Lost Legacy
Uncharted: A Thief's End (PS4),The Last of Us
Uncharted: A Thief's End (PS4),Uncharted 2: Among Thieves
Uncharted: A Thief's End (PS4),The Last of Us
Uncharted: A Thief's End (PS4),The Last of Us
Uncharted: A Thief's End (PS4),Uncharted: The Lost Legacy
Uncharted: A Thief's End (PS4),The Last of Us
Uncharted: A Thief's End (PS4),The Last of Us
Uncharted: A Thief's End (PS4),Uncharted: The Lost Legacy
Uncharted: A Thief's End (PS4),The Last of Us
Uncharted: A Thief's End (PS4),The Last of Us
Uncharted: A Thief's End (PS4),Uncharted 2: Among Thieves
Fallout 4,The Elder Scrolls V: Skyrim PSVR
Fallout 4,The Elder Scrolls V: Skyrim PSVR
Fallout 4,The Elder Scrolls V: Skyrim PSVR
Fallout 4,The Elder Scrolls V: Skyrim PSVR
Fallout 4,The Elder Scrolls V: Skyrim PSVR
Fallout 4,The Elder Scrolls V: Skyrim PSVR
Fallout 4,The Elder Scrolls V: Skyrim PSVR
Fallout 4,The Elder Scrolls V: Skyrim
Fallout 4,The Elder Scrolls V: Skyrim PSVR
Fallout 4,The Elder Scrolls V: Skyrim PSVR
Fallout 4,The Elder Scrolls V: Skyrim
Fallout 4,The Elder Scrolls V: Skyrim PSVR
FIFA 16,The Order: 1886
FIFA 16,Plants vs. Zombies: Garden Warfare 2
Star Wars Battlefront 2015,Star Wars Battlefront II (2017)
Star Wars Battlefront 2015,Star Wars Battlefront II (2017)
Star Wars Battlefront 2015,Battlefield 1
Star Wars Battlefront 2015,Battlefield 1
Battlefield 1,Need for Speed Rivals
The Last of Us,Uncharted 2: Among Thieves
The Last of Us,Uncharted 3: Drake's Deception
The Last of Us,Uncharted: The Lost Legacy
The Last of Us,Uncharted 2: Among Thieves
The Last of Us,Uncharted: Drake's Fortune
The Last of Us,Uncharted: The Lost Legacy
The Last of Us,Uncharted: The Lost Legacy
The Last of Us,Uncharted: The Lost Legacy
The Last of Us,Uncharted 2: Among Thieves
The Last of Us,Uncharted: Drake's Fortune
The Last of Us,Uncharted 2: Among Thieves
The Last of Us,Uncharted: Drake's Fortune
The Last of Us,Uncharted: The Lost Legacy
The Last of Us,Uncharted 3: Drake's Deception
The Last of Us,Uncharted 2: Among Thieves
The Last of Us,Uncharted: The Lost Legacy
The Last of Us,Uncharted: The Lost Legacy
The Last of Us,Uncharted: The Lost Legacy
The Last of Us,Uncharted 2: Among Thieves
MineCraft,Diablo III
God of War (PS4),God of War III
God of War (PS4),God of War III
Horizon: Zero Dawn,Killzone: Shadow Fall
Horizon: Zero Dawn,Killzone: Shadow Fall
Horizon: Zero Dawn,Killzone: Shadow Fall
Horizon: Zero Dawn,Killzone: Shadow Fall
Destiny,Destiny 2
Destiny,Destiny 2
Destiny,Destiny 2
Destiny,Destiny 2
Destiny,Destiny 2
Destiny,Destiny 2
Destiny,Destiny 2
Destiny,Destiny 2
Destiny,inFAMOUS: Second Son
Destiny,Destiny 2
Destiny,Destiny 2
Destiny,Destiny 2
Destiny,Destiny 2
Destiny,Destiny 2
Destiny,Destiny 2
Destiny,Destiny 2
Destiny,Destiny 2
Destiny,Destiny 2
Destiny,Destiny 2
Destiny,Destiny 2
Destiny,Destiny 2
Star Wars Battlefront II (2017),Need for Speed Rivals
Tom Clancy's The Division,Need for Speed Rivals
Tom Clancy's Rainbow Six: Siege,Assassin's Creed The Ezio Collection
Tom Clancy's Rainbow Six: Siege,Assassin's Creed: Unity
Tom Clancy's Rainbow Six: Siege,For Honor
Tom Clancy's Rainbow Six: Siege,Assassin's Creed: Unity
Tom Clancy's Rainbow Six: Siege,Assassin's Creed: Unity
Tom Clancy's Rainbow Six: Siege,Assassin's Creed: Unity
Tom Clancy's Rainbow Six: Siege,Watch Dogs
Tom Clancy's Rainbow Six: Siege,Far Cry 4
Tom Clancy's Rainbow Six: Siege,Middle-Earth: Shadow of War
Tom Clancy's Rainbow Six: Siege,Assassin's Creed Origins
Watch Dogs,Watch Dogs 2
Watch Dogs,Watch Dogs 2
Watch Dogs,Destiny 2
Watch Dogs,Assassin's Creed: Unity
Watch Dogs,Far Cry: Primal
Watch Dogs,For Honor
Call of Duty: Ghosts,Battlefield 4
Assassin's Creed: Unity,Assassin's Creed The Ezio Collection
Assassin's Creed: Unity,Watch Dogs 2
Assassin's Creed: Unity,Assassin's Creed Origins
Assassin's Creed: Unity,Assassin's Creed IV: Black Flag
Assassin's Creed: Unity,Assassin's Creed Origins
Assassin's Creed: Unity,Assassin's Creed The Ezio Collection
Assassin's Creed: Unity,Assassin's Creed IV: Black Flag
Assassin's Creed: Unity,Assassin's Creed Origins
Assassin's Creed: Unity,Assassin's Creed The Ezio Collection
Assassin's Creed: Unity,Assassin's Creed Origins
Assassin's Creed: Unity,Assassin's Creed Origins
Assassin's Creed: Unity,Assassin's Creed Origins
Assassin's Creed: Unity,Assassin's Creed IV: Black Flag
Assassin's Creed: Unity,Far Cry: Primal
Assassin's Creed: Unity,Far Cry: Primal
Batman: Arkham Knight,Batman: Arkham VR
Batman: Arkham Knight,Batman: Arkham VR
Batman: Arkham Knight,Batman: Arkham VR
Batman: Arkham Knight,Batman: Arkham VR
Assassin's Creed Origins,Assassin's Creed IV: Black Flag
Assassin's Creed Origins,Assassin's Creed IV: Black Flag
Assassin's Creed Origins,Assassin's Creed IV: Black Flag
Assassin's Creed Origins,Assassin's Creed IV: Black Flag
Assassin's Creed Origins,Assassin's Creed IV: Black Flag
Assassin's Creed Origins,Assassin's Creed The Ezio Collection
Assassin's Creed Origins,Assassin's Creed The Ezio Collection
Assassin's Creed Origins,Far Cry: Primal
Assassin's Creed Origins,Assassin's Creed IV: Black Flag
Assassin's Creed Origins,Far Cry: Primal
Assassin's Creed Origins,Assassin's Creed IV: Black Flag
Assassin's Creed Origins,Assassin's Creed IV: Black Flag
Assassin's Creed Origins,Assassin's Creed IV: Black Flag
Far Cry 4,Far Cry 5
Far Cry 4,Middle-Earth: Shadow of War
Far Cry 4,Watch Dogs 2
NBA 2K16,NBA 2K18
NBA 2K16,NBA 2K14
NBA 2K16,NBA 2K17
NBA 2K16,NBA 2K17
NBA 2K16,NBA 2K15
NBA 2K16,NBA 2K15
NBA 2K16,NBA 2K14
NBA 2K16,NBA 2K17
NBA 2K16,NBA 2K17
NBA 2K16,NBA 2K18
NBA 2K16,NBA 2K18
NBA 2K16,NBA 2K15
NBA 2K16,NBA 2K15
NBA 2K16,NBA 2K14
NBA 2K16,NBA 2K17
NBA 2K16,NBA 2K17
NBA 2K16,NBA 2K18
NBA 2K16,NBA 2K18
NBA 2K16,NBA 2K15
NBA 2K16,NBA 2K15
NBA 2K16,NBA 2K14
NBA 2K16,NBA 2K17
NBA 2K16,NBA 2K17
NBA 2K16,NBA 2K18
NBA 2K16,NBA 2K18
NBA 2K16,NBA 2K15
NBA 2K16,NBA 2K15
NBA 2K16,NBA 2K17
NBA 2K16,NBA 2K17
NBA 2K16,NBA 2K18
NBA 2K16,NBA 2K18
NBA 2K16,NBA 2K15
NBA 2K16,NBA 2K15
NBA 2K16,NBA 2K17
NBA 2K16,NBA 2K17
NBA 2K16,NBA 2K18
NBA 2K16,NBA 2K18
NBA 2K16,NBA 2K15
NBA 2K16,NBA 2K15
NBA 2K16,NBA 2K17
NBA 2K16,NBA 2K18
NBA 2K16,NBA 2K17
NBA 2K16,NBA 2K17
NBA 2K16,NBA 2K18
NBA 2K16,NBA 2K15
NBA 2K16,NBA 2K14
Far Cry 5,Far Cry: Primal
Assassin's Creed Syndicate,Assassin's Creed The Ezio Collection
Assassin's Creed Syndicate,Child of Light
NBA 2K17,NBA 2K15
NBA 2K17,NBA 2K15
NBA 2K17,NBA 2K14
NBA 2K17,NBA 2K18
NBA 2K17,NBA 2K18
NBA 2K17,NBA 2K15
NBA 2K17,NBA 2K15
NBA 2K17,NBA 2K14
NBA 2K17,NBA 2K18
NBA 2K17,NBA 2K18
NBA 2K17,NBA 2K15
NBA 2K17,NBA 2K15
NBA 2K17,NBA 2K14
NBA 2K17,NBA 2K18
NBA 2K17,NBA 2K18
NBA 2K17,NBA 2K15
NBA 2K17,NBA 2K15
NBA 2K17,NBA 2K18
NBA 2K17,NBA 2K18
NBA 2K17,NBA 2K15
NBA 2K17,NBA 2K15
NBA 2K17,NBA 2K18
NBA 2K17,NBA 2K18
NBA 2K17,NBA 2K15
NBA 2K17,NBA 2K15
NBA 2K17,NBA 2K18
NBA 2K17,NBA 2K18
NBA 2K17,NBA 2K15
NBA 2K17,NBA 2K15
NBA 2K17,NBA 2K18
NBA 2K17,NBA 2K18
NBA 2K17,NBA 2K15
NBA 2K17,NBA 2K15
NBA 2K17,NBA 2K18
NBA 2K17,NBA 2K18
NBA 2K17,NBA 2K15
NBA 2K17,NBA 2K15
NBA 2K17,NBA 2K18
NBA 2K17,NBA 2K18
NBA 2K17,NBA 2K15
NBA 2K17,NBA 2K15
NBA 2K17,NBA 2K18
NBA 2K17,NBA 2K18
NBA 2K17,NBA 2K15
NBA 2K17,NBA 2K15
NBA 2K17,NBA 2K18
NBA 2K17,NBA 2K18
NBA 2K17,NBA 2K15
NBA 2K17,NBA 2K15
NBA 2K17,NBA 2K18
NBA 2K17,NBA 2K18
NBA 2K17,NBA 2K15
NBA 2K17,NBA 2K15
NBA 2K17,NBA 2K18
NBA 2K17,NBA 2K18
NBA 2K17,NBA 2K15
NBA 2K17,NBA 2K15
NBA 2K17,NBA 2K18
NBA 2K17,NBA 2K18
NBA 2K17,NBA 2K15
NBA 2K17,NBA 2K15
NBA 2K17,NBA 2K18
NBA 2K17,NBA 2K18
NBA 2K17,NBA 2K15
NBA 2K17,NBA 2K15
NBA 2K17,NBA 2K18
NBA 2K17,NBA 2K18
NBA 2K17,NBA 2K15
NBA 2K17,NBA 2K15
NBA 2K17,NBA 2K18
NBA 2K17,NBA 2K18
NBA 2K17,NBA 2K15
NBA 2K17,NBA 2K15
NBA 2K17,NBA 2K18
NBA 2K17,NBA 2K18
NBA 2K17,NBA 2K15
NBA 2K17,NBA 2K15
NBA 2K17,NBA 2K18
NBA 2K17,NBA 2K18
NBA 2K17,NBA 2K15
NBA 2K17,NBA 2K15
NBA 2K17,NBA 2K18
NBA 2K17,NBA 2K18
NBA 2K17,NBA 2K15
NBA 2K17,NBA 2K15
NBA 2K17,NBA 2K18
NBA 2K17,NBA 2K18
NBA 2K17,NBA 2K18
NBA 2K17,NBA 2K18
NBA 2K17,NBA 2K18
NBA 2K17,NBA 2K18
NBA 2K17,NBA 2K18
NBA 2K17,NBA 2K18
NBA 2K17,NBA 2K18
NBA 2K17,NBA 2K18
NBA 2K17,NBA 2K18
NBA 2K17,NBA 2K18
NBA 2K17,NBA 2K15
NBA 2K17,NBA 2K15
NBA 2K17,NBA 2K14
NBA 2K17,NBA 2K18
NBA 2K17,NBA 2K18
NBA 2K17,NBA 2K15
NBA 2K17,NBA 2K15
NBA 2K17,NBA 2K14
NBA 2K17,NBA 2K18
NBA 2K17,NBA 2K18
NBA 2K17,NBA 2K15
NBA 2K17,NBA 2K15
NBA 2K17,NBA 2K14
NBA 2K17,NBA 2K18
NBA 2K17,NBA 2K18
NBA 2K17,NBA 2K15
NBA 2K17,NBA 2K15
NBA 2K17,NBA 2K18
NBA 2K17,NBA 2K18
NBA 2K17,NBA 2K15
NBA 2K17,NBA 2K15
NBA 2K17,NBA 2K18
NBA 2K17,NBA 2K18
NBA 2K17,NBA 2K15
NBA 2K17,NBA 2K15
NBA 2K17,NBA 2K18
NBA 2K17,NBA 2K18
NBA 2K17,NBA 2K15
NBA 2K17,NBA 2K15
NBA 2K17,NBA 2K18
NBA 2K17,NBA 2K18
NBA 2K17,NBA 2K15
NBA 2K17,NBA 2K15
NBA 2K17,NBA 2K18
NBA 2K17,NBA 2K18
NBA 2K17,NBA 2K15
NBA 2K17,NBA 2K15
NBA 2K17,NBA 2K18
NBA 2K17,NBA 2K18
NBA 2K17,NBA 2K15
NBA 2K17,NBA 2K15
NBA 2K17,NBA 2K18
NBA 2K17,NBA 2K18
NBA 2K17,NBA 2K15
NBA 2K17,NBA 2K15
NBA 2K17,NBA 2K18
NBA 2K17,NBA 2K18
NBA 2K17,NBA 2K15
NBA 2K17,NBA 2K15
NBA 2K17,NBA 2K18
NBA 2K17,NBA 2K18
NBA 2K17,NBA 2K15
NBA 2K17,NBA 2K15
NBA 2K17,NBA 2K18
NBA 2K17,NBA 2K18
NBA 2K17,NBA 2K15
NBA 2K17,NBA 2K15
NBA 2K17,NBA 2K18
NBA 2K17,NBA 2K18
NBA 2K17,NBA 2K15
NBA 2K17,NBA 2K15
NBA 2K17,NBA 2K18
NBA 2K17,NBA 2K18
NBA 2K17,NBA 2K15
NBA 2K17,NBA 2K15
NBA 2K17,NBA 2K18
NBA 2K17,NBA 2K18
NBA 2K17,NBA 2K15
NBA 2K17,NBA 2K15
NBA 2K17,NBA 2K18
NBA 2K17,NBA 2K18
NBA 2K17,NBA 2K15
NBA 2K17,NBA 2K15
NBA 2K17,NBA 2K18
NBA 2K17,NBA 2K18
NBA 2K17,NBA 2K15
NBA 2K17,NBA 2K15
NBA 2K17,NBA 2K18
NBA 2K17,NBA 2K18
NBA 2K17,NBA 2K15
NBA 2K17,NBA 2K15
NBA 2K17,NBA 2K18
NBA 2K17,NBA 2K18
NBA 2K17,NBA 2K15
NBA 2K17,NBA 2K15
NBA 2K17,NBA 2K18
NBA 2K17,NBA 2K18
NBA 2K17,NBA 2K18
NBA 2K17,NBA 2K18
NBA 2K17,NBA 2K18
NBA 2K17,NBA 2K18
NBA 2K17,NBA 2K18
NBA 2K17,NBA 2K18
NBA 2K17,NBA 2K18
NBA 2K17,NBA 2K18
NBA 2K17,NBA 2K18
NBA 2K17,NBA 2K18
NBA 2K17,NBA 2K18
NBA 2K17,NBA 2K18
NBA 2K17,NBA 2K15
NBA 2K17,NBA 2K14
Mortal Kombat X,Injustice 2
Mortal Kombat X,Injustice: Gods Among Us
Mortal Kombat X,Injustice 2
Mortal Kombat X,Injustice: Gods Among Us
Mortal Kombat X,Injustice 2
Mortal Kombat X,Injustice: Gods Among Us
Mortal Kombat X,Injustice: Gods Among Us
Mortal Kombat X,Injustice 2
Mortal Kombat X,Injustice 2
Mortal Kombat X,Injustice 2
The Elder Scrolls V: Skyrim,The Elder Scrolls V: Skyrim PSVR
The Elder Scrolls V: Skyrim,The Elder Scrolls V: Skyrim PSVR
Watch Dogs 2,Assassin's Creed The Ezio Collection
NBA 2K18,NBA 2K14
NBA 2K18,NBA 2K15
NBA 2K18,NBA 2K15
NBA 2K18,NBA 2K14
NBA 2K18,NBA 2K15
NBA 2K18,NBA 2K15
NBA 2K18,NBA 2K14
NBA 2K18,NBA 2K15
NBA 2K18,NBA 2K15
NBA 2K18,NBA 2K15
NBA 2K18,NBA 2K15
NBA 2K18,NBA 2K15
NBA 2K18,NBA 2K15
NBA 2K18,NBA 2K15
NBA 2K18,NBA 2K15
NBA 2K18,NBA 2K15
NBA 2K18,NBA 2K15
NBA 2K18,NBA 2K15
NBA 2K18,NBA 2K15
NBA 2K18,NBA 2K15
NBA 2K18,NBA 2K15
NBA 2K18,NBA 2K15
NBA 2K18,NBA 2K15
NBA 2K18,NBA 2K15
NBA 2K18,NBA 2K15
NBA 2K18,NBA 2K15
NBA 2K18,NBA 2K15
NBA 2K18,NBA 2K15
NBA 2K18,NBA 2K15
NBA 2K18,NBA 2K15
NBA 2K18,NBA 2K15
NBA 2K18,NBA 2K15
NBA 2K18,NBA 2K15
NBA 2K18,NBA 2K15
NBA 2K18,NBA 2K15
NBA 2K18,NBA 2K15
NBA 2K18,NBA 2K15
NBA 2K18,NBA 2K15
NBA 2K18,NBA 2K15
NBA 2K18,NBA 2K15
NBA 2K18,NBA 2K15
NBA 2K18,NBA 2K15
NBA 2K18,NBA 2K15
NBA 2K18,NBA 2K15
NBA 2K18,NBA 2K15
NBA 2K18,NBA 2K14
NBA 2K18,NBA 2K15
NBA 2K18,NBA 2K15
NBA 2K18,NBA 2K14
NBA 2K18,NBA 2K15
NBA 2K18,NBA 2K15
NBA 2K18,NBA 2K15
NBA 2K18,NBA 2K15
NBA 2K18,NBA 2K15
NBA 2K18,NBA 2K15
NBA 2K18,NBA 2K15
NBA 2K18,NBA 2K15
NBA 2K18,NBA 2K15
NBA 2K18,NBA 2K15
NBA 2K18,NBA 2K15
NBA 2K18,NBA 2K15
NBA 2K18,NBA 2K15
NBA 2K18,NBA 2K15
NBA 2K18,NBA 2K15
NBA 2K18,NBA 2K15
NBA 2K18,NBA 2K15
NBA 2K18,NBA 2K15
NBA 2K18,NBA 2K15
NBA 2K18,NBA 2K15
NBA 2K18,NBA 2K15
NBA 2K18,NBA 2K15
NBA 2K18,NBA 2K15
NBA 2K18,NBA 2K15
NBA 2K18,NBA 2K15
NBA 2K18,NBA 2K15
NBA 2K18,NBA 2K15
NBA 2K18,NBA 2K15
NBA 2K18,NBA 2K15
NBA 2K18,NBA 2K15
NBA 2K18,NBA 2K15
NBA 2K18,NBA 2K15
NBA 2K18,NBA 2K15
NBA 2K18,NBA 2K15
NBA 2K18,NBA 2K15
NBA 2K18,NBA 2K15
NBA 2K18,NBA 2K15
NBA 2K18,NBA 2K14
Madden NFL 17,Madden NFL 18
Madden NFL 17,Madden NFL 18
Madden NFL 17,Madden NFL 18
Madden NFL 17,Madden NFL 18
Madden NFL 17,Madden NFL 18
Madden NFL 17,Madden NFL 18
Madden NFL 17,NBA 2K14
Middle-Earth: Shadow of Mordor,Middle-Earth: Shadow of War
Middle-Earth: Shadow of Mordor,Middle-Earth: Shadow of War
Middle-Earth: Shadow of Mordor,Middle-Earth: Shadow of War
Middle-Earth: Shadow of Mordor,Middle-Earth: Shadow of War
Middle-Earth: Shadow of Mordor,Middle-Earth: Shadow of War
Middle-Earth: Shadow of Mordor,Middle-Earth: Shadow of War
Middle-Earth: Shadow of Mordor,Middle-Earth: Shadow of War
Middle-Earth: Shadow of Mordor,Middle-Earth: Shadow of War
Middle-Earth: Shadow of Mordor,Middle-Earth: Shadow of War
Middle-Earth: Shadow of Mordor,Middle-Earth: Shadow of War
Middle-Earth: Shadow of Mordor,Middle-Earth: Shadow of War
Middle-Earth: Shadow of Mordor,Middle-Earth: Shadow of War
Middle-Earth: Shadow of Mordor,Just Cause 3
Assassin's Creed IV: Black Flag,Far Cry: Primal
Tom Clancy's Ghost Recon Wildlands,ZombiU
Bloodborne,Dark Souls III
Bloodborne,Dark Souls III
Bloodborne,Dark Souls III
Bloodborne,Dark Souls III
Bloodborne,Dark Souls III
Bloodborne,Dark Souls III
Bloodborne,Dark Souls III
Bloodborne,Dark Souls III
Bloodborne,Dark Souls III
Bloodborne,Dark Souls III
Bloodborne,Dark Souls III
Bloodborne,Dark Souls III
Bloodborne,Dark Souls III
Bloodborne,Dark Souls III
Bloodborne,Dark Souls III
Bloodborne,Dark Souls III
Bloodborne,Dark Souls III
Bloodborne,Dark Souls III
Killzone: Shadow Fall,Need for Speed (2015)
inFAMOUS: Second Son,Infamous: First Light
inFAMOUS: Second Son,Infamous: First Light
inFAMOUS: Second Son,Infamous: First Light
Mafia III,Dying Light
Diablo III,Titanfall 2
Far Cry: Primal,Child of Light
Far Cry: Primal,For Honor
Far Cry: Primal,For Honor
Far Cry: Primal,For Honor
Need for Speed (2015),Need for Speed Rivals
Need for Speed (2015),Need for Speed Rivals
NBA 2K15,NBA 2K14
NBA 2K15,NBA 2K14
NBA 2K15,NBA 2K14
NBA 2K15,NBA 2K14
NBA 2K15,NBA 2K14
NBA 2K15,NBA 2K14
NBA 2K15,NBA 2K14
NBA 2K15,NBA 2K14
NBA 2K15,NBA 2K14
NBA 2K15,NBA 2K14
NBA 2K15,NBA 2K14
Uncharted: The Lost Legacy,Uncharted 2: Among Thieves
Uncharted: The Lost Legacy,Uncharted: Drake's Fortune
Uncharted: The Lost Legacy,Uncharted 3: Drake's Deception
Dragon Age III: Inquisition,Mass Effect: Andromeda
Dragon Age III: Inquisition,Mass Effect: Andromeda
Need for Speed: Payback,Need for Speed Rivals
Need for Speed: Payback,Need for Speed Rivals
Need for Speed: Payback,Dragon Quest XI
Need for Speed: Payback,Dishonored 2
Need for Speed: Payback,The Crew
Need for Speed: Payback,The Crew
Need for Speed: Payback,Samurai Warriors 4: Empires
Need for Speed: Payback,Final Fantasy XIV Online Complete Edition
Need for Speed: Payback,Sudden Strike 4
Need for Speed: Payback,Need for Speed Rivals
Need for Speed Rivals,Mass Effect: Andromeda
PlayStation VR Worlds,Alien: Isolation
Battlefield: Hardline,Tomb Raider (2013)
Rise of the Tomb Raider,Tomb Raider (2013)
Rise of the Tomb Raider,Tomb Raider (2013)
Rise of the Tomb Raider,Tomb Raider (2013)
Rise of the Tomb Raider,Tomb Raider (2013)
Rise of the Tomb Raider,Tomb Raider (2013)
Rise of the Tomb Raider,Tomb Raider (2013)
Rise of the Tomb Raider,Tomb Raider (2013)
Rise of the Tomb Raider,Tomb Raider (2013)
Rise of the Tomb Raider,Tomb Raider (2013)
Rise of the Tomb Raider,Lara Croft and the Temple of Osiris
Rise of the Tomb Raider,Tomb Raider (2013)
Rise of the Tomb Raider,Lara Croft and the Temple of Osiris
Rise of the Tomb Raider,Tomb Raider (2013)
Rise of the Tomb Raider,Tomb Raider (2013)
Rise of the Tomb Raider,Tomb Raider (2013)
Rise of the Tomb Raider,Lara Croft and the Temple of Osiris
Rise of the Tomb Raider,Thief 4
LittleBigPlanet 3,Injustice 2
The Elder Scrolls Online,The Elder Scrolls Online: Morrowind
The Elder Scrolls Online,The Elder Scrolls Online: Morrowind
The Elder Scrolls Online,The Elder Scrolls Online: Morrowind
The Elder Scrolls Online,The Elder Scrolls Online: Morrowind
The Elder Scrolls Online,The Elder Scrolls Online: Morrowind
The Elder Scrolls Online,The Elder Scrolls Online: Morrowind
The Elder Scrolls Online,The Elder Scrolls Online: Morrowind
The Elder Scrolls Online,The Elder Scrolls Online: Morrowind
The Elder Scrolls Online,The Elder Scrolls Online: Morrowind
The Elder Scrolls Online,The Elder Scrolls Online: Morrowind
The Elder Scrolls Online,The Elder Scrolls Online: Morrowind
The Elder Scrolls Online,The Elder Scrolls Online: Morrowind
Dragon Quest XI,The Evil Within
Dragon Quest XI,Resident Evil: Umbrella Corps
Dragon Quest XI,Dishonored 2
Dragon Quest XI,The Crew
Dragon Quest XI,The Crew
Dragon Quest XI,Samurai Warriors 4: Empires
Dragon Quest XI,Final Fantasy XIV Online Complete Edition
Dragon Quest XI,Sudden Strike 4
Rocket League,Killing Floor 2Ê
Dishonored 2,Dishonored
Dishonored 2,The Crew
Dishonored 2,The Crew
Dishonored 2,Samurai Warriors 4: Empires
Dishonored 2,Final Fantasy XIV Online Complete Edition
Dishonored 2,Sudden Strike 4
Dishonored 2,Dishonored
Dishonored 2,Dishonored
Dishonored 2,Dishonored
Dishonored 2,Dishonored
Dishonored 2,Dishonored
Dishonored 2,Dishonored
Dishonored 2,Dishonored
Dishonored 2,Dishonored
Dishonored 2,Dishonored
Dishonored 2,Dishonored
Dishonored 2,Dishonored
Dishonored 2,Dishonored
Dishonored 2,Dishonored
Lego Marvel Super Heroes,LEGO Dimensions
Lego Marvel Super Heroes,LEGO Marvel's Avengers
Lego Marvel Super Heroes,LEGO The Hobbit
Lego Marvel Super Heroes,LEGO Marvel's Avengers
Lego Marvel Super Heroes,LEGO The Hobbit
Lego Marvel Super Heroes,LEGO Dimensions
Lego Marvel Super Heroes,LEGO Dimensions
Lego Marvel Super Heroes,LEGO Marvel Super Heroes 2
Lego Marvel Super Heroes,LEGO Marvel's Avengers
Lego Marvel Super Heroes,LEGO Marvel's Avengers
Lego Marvel Super Heroes,Lego Batman 3: Beyond Gotham
Lego Marvel Super Heroes,Lego Batman 3: Beyond Gotham
Lego Marvel Super Heroes,LEGO The Hobbit
Lego Marvel Super Heroes,LEGO Dimensions
Lego Marvel Super Heroes,LEGO Worlds
Lego Marvel Super Heroes,LEGO Marvel Super Heroes 2
Lego Marvel Super Heroes,LEGO Marvel's Avengers
Lego Marvel Super Heroes,Lego Batman 3: Beyond Gotham
Lego Marvel Super Heroes,LEGO The Hobbit
Lego Marvel Super Heroes,The Lego Ninjago Movie Videogame
Lego Marvel Super Heroes,LEGO Dimensions
Lego Marvel Super Heroes,LEGO Dimensions
Lego Marvel Super Heroes,LEGO Worlds
Lego Marvel Super Heroes,LEGO Marvel Super Heroes 2
Lego Marvel Super Heroes,LEGO Marvel's Avengers
Lego Marvel Super Heroes,Lego Batman 3: Beyond Gotham
Lego Marvel Super Heroes,LEGO The Hobbit
Lego Marvel Super Heroes,The Lego Ninjago Movie Videogame
Lego Marvel Super Heroes,LEGO Dimensions
Lego Marvel Super Heroes,LEGO Worlds
Lego Marvel Super Heroes,LEGO Marvel Super Heroes 2
Lego Marvel Super Heroes,LEGO Marvel's Avengers
Lego Marvel Super Heroes,Lego Batman 3: Beyond Gotham
Lego Marvel Super Heroes,LEGO The Hobbit
Lego Marvel Super Heroes,Lego Batman 3: Beyond Gotham
Lego Marvel Super Heroes,LEGO The Hobbit
Lego Marvel Super Heroes,LEGO Worlds
Lego Marvel Super Heroes,LEGO Marvel Super Heroes 2
Lego Marvel Super Heroes,LEGO Marvel Super Heroes 2
Lego Marvel Super Heroes,LEGO Marvel's Avengers
Lego Marvel Super Heroes,Lego Batman 3: Beyond Gotham
Lego Marvel Super Heroes,LEGO Marvel Super Heroes 2
Until Dawn,Until Dawn: Rush of Blood
Until Dawn,Until Dawn: Rush of Blood
Until Dawn,Until Dawn: Rush of Blood
The Crew,The Crew 2
The Crew,The Crew 2
The Crew,The Crew 2
The Crew,Samurai Warriors 4: Empires
The Crew,Final Fantasy XIV Online Complete Edition
The Crew,Sudden Strike 4
The Crew,The Crew 2
The Crew,The Crew 2
The Crew,Samurai Warriors 4: Empires
The Crew,Final Fantasy XIV Online Complete Edition
The Crew,Sudden Strike 4
The Crew,The Crew 2
The Crew,The Crew 2
The Crew,The Crew 2
The Crew,The Crew 2
The Crew,The Crew 2
The Crew,The Crew 2
The Crew,The Crew 2
The Crew,The Crew 2
The Crew,The Crew 2
The Crew,The Crew 2
The Crew,Just Dance 2014
The Crew,Just Dance 2018
The Crew,Just Dance 2017
Kingdom Hearts 1.5 + 2.5 Remix,Mega Man Legacy Collection 2
For Honor,Child of Light
Injustice 2,Injustice: Gods Among Us
Injustice 2,Injustice: Gods Among Us
Injustice 2,Injustice: Gods Among Us
Injustice 2,Injustice: Gods Among Us
Injustice 2,Injustice: Gods Among Us
Injustice 2,Injustice: Gods Among Us
Injustice 2,Darksiders II
Wolfenstein: The New Order,Wolfenstein: The Old Blood
Wolfenstein: The New Order,Wolfenstein II: The New Colossus
Wolfenstein: The New Order,Wolfenstein: The Old Blood
Wolfenstein: The New Order,Wolfenstein The Two Pack
Wolfenstein: The New Order,Wolfenstein II: The New Colossus
Wolfenstein: The New Order,Wolfenstein: The Old Blood
Wolfenstein: The New Order,Wolfenstein The Two Pack
Wolfenstein: The New Order,Wolfenstein II: The New Colossus
Wolfenstein: The New Order,Wolfenstein: The Old Blood
Wolfenstein: The New Order,Wolfenstein II: The New Colossus
Wolfenstein: The New Order,Wolfenstein: The Old Blood
Wolfenstein: The New Order,Wolfenstein: The Old Blood
Wolfenstein: The New Order,A Way Out
Wolfenstein: The New Order,Wolfenstein The Two Pack
Wolfenstein: The New Order,Wolfenstein II: The New Colossus
Wolfenstein: The New Order,Wolfenstein: The Old Blood
Wolfenstein: The New Order,Wolfenstein The Two Pack
Wolfenstein: The New Order,Wolfenstein: The Old Blood
Wolfenstein: The New Order,Wolfenstein The Two Pack
Wolfenstein: The New Order,Wolfenstein II: The New Colossus
Wolfenstein: The New Order,Wolfenstein: The Old Blood
Wolfenstein: The New Order,Wolfenstein The Two Pack
Tomb Raider (2013),Lara Croft and the Temple of Osiris
Tomb Raider (2013),CounterSpy
Wolfenstein II: The New Colossus,Wolfenstein: The Old Blood
Wolfenstein II: The New Colossus,Wolfenstein: The Old Blood
Wolfenstein II: The New Colossus,Wolfenstein The Two Pack
Wolfenstein II: The New Colossus,Wolfenstein The Two Pack
Wolfenstein II: The New Colossus,Wolfenstein The Two Pack
Wolfenstein II: The New Colossus,Wolfenstein: The Old Blood
Wolfenstein II: The New Colossus,Wolfenstein: The Old Blood
Wolfenstein II: The New Colossus,Wolfenstein: The Old Blood
Wolfenstein II: The New Colossus,Wolfenstein: The Old Blood
Wolfenstein II: The New Colossus,Wolfenstein: The Old Blood
Wolfenstein II: The New Colossus,Wolfenstein The Two Pack
Wolfenstein II: The New Colossus,Wolfenstein The Two Pack
Wolfenstein II: The New Colossus,Wolfenstein: The Old Blood
Wolfenstein II: The New Colossus,Wolfenstein: The Old Blood
Wolfenstein II: The New Colossus,Wolfenstein: The Old Blood
Wolfenstein II: The New Colossus,Wolfenstein The Two Pack
Wolfenstein II: The New Colossus,Wolfenstein: The Old Blood
Wolfenstein II: The New Colossus,Wolfenstein The Two Pack
Wolfenstein II: The New Colossus,Wolfenstein: The Old Blood
Wolfenstein II: The New Colossus,Wolfenstein The Two Pack
Wolfenstein II: The New Colossus,Wolfenstein: The Old Blood
Wolfenstein II: The New Colossus,Wolfenstein: The Old Blood
Wolfenstein II: The New Colossus,Wolfenstein: The Old Blood
Wolfenstein II: The New Colossus,Wolfenstein The Two Pack
Wolfenstein II: The New Colossus,Wolfenstein: The Old Blood
Wolfenstein II: The New Colossus,Wolfenstein The Two Pack
Wolfenstein II: The New Colossus,Wolfenstein: The Old Blood
Wolfenstein II: The New Colossus,Wolfenstein The Two Pack
Lego Star Wars: The Force Awakens,LEGO Jurassic World
Lego Star Wars: The Force Awakens,The Lego Ninjago Movie Videogame
Lego Star Wars: The Force Awakens,LEGO Jurassic World
Lego Star Wars: The Force Awakens,LEGO Jurassic World
Lego Star Wars: The Force Awakens,The Lego Ninjago Movie Videogame
Lego Star Wars: The Force Awakens,LEGO Jurassic World
Lego Star Wars: The Force Awakens,LEGO Jurassic World
Lego Star Wars: The Force Awakens,The Lego Ninjago Movie Videogame
Lego Star Wars: The Force Awakens,The Lego Ninjago Movie Videogame
Lego Star Wars: The Force Awakens,LEGO Jurassic World
Lego Star Wars: The Force Awakens,The Lego Ninjago Movie Videogame
Lego Star Wars: The Force Awakens,LEGO Jurassic World
Lego Star Wars: The Force Awakens,The Lego Ninjago Movie Videogame
Lego Star Wars: The Force Awakens,LEGO Jurassic World
Lego Star Wars: The Force Awakens,The Lego Ninjago Movie Videogame
Lego Star Wars: The Force Awakens,LEGO Jurassic World
Lego Star Wars: The Force Awakens,The Lego Ninjago Movie Videogame
Lego Star Wars: The Force Awakens,The Lego Ninjago Movie Videogame
Lego Star Wars: The Force Awakens,LEGO Jurassic World
Lego Star Wars: The Force Awakens,LEGO Jurassic World
Lego Star Wars: The Force Awakens,LEGO Jurassic World
Lego Star Wars: The Force Awakens,The Lego Ninjago Movie Videogame
Lego Star Wars: The Force Awakens,LEGO Jurassic World
Lego Star Wars: The Force Awakens,The Lego Ninjago Movie Videogame
Lego Star Wars: The Force Awakens,LEGO Jurassic World
Lego Star Wars: The Force Awakens,The Lego Ninjago Movie Videogame
Lego Star Wars: The Force Awakens,LEGO Jurassic World
Lego Star Wars: The Force Awakens,The Lego Ninjago Movie Videogame
Lego Star Wars: The Force Awakens,LEGO Jurassic World
Lego Star Wars: The Force Awakens,LEGO Jurassic World
Lego Star Wars: The Force Awakens,The Lego Ninjago Movie Videogame
Lego Star Wars: The Force Awakens,LEGO Jurassic World
Lego Star Wars: The Force Awakens,The Lego Ninjago Movie Videogame
Lego Star Wars: The Force Awakens,LEGO Jurassic World
Lego Star Wars: The Force Awakens,The Lego Ninjago Movie Videogame
LEGO Dimensions,LEGO Jurassic World
LEGO Dimensions,LEGO Marvel's Avengers
LEGO Dimensions,Lego Batman 3: Beyond Gotham
LEGO Dimensions,LEGO The Hobbit
LEGO Dimensions,LEGO The Hobbit
LEGO Dimensions,LEGO Jurassic World
LEGO Dimensions,LEGO Marvel's Avengers
LEGO Dimensions,Lego Batman 3: Beyond Gotham
LEGO Dimensions,LEGO The Hobbit
LEGO Dimensions,LEGO The Hobbit
LEGO Dimensions,LEGO The Hobbit
LEGO Dimensions,LEGO Marvel Super Heroes 2
LEGO Dimensions,LEGO Marvel's Avengers
LEGO Dimensions,LEGO Worlds
LEGO Dimensions,LEGO Worlds
LEGO Dimensions,LEGO Marvel Super Heroes 2
LEGO Dimensions,LEGO Marvel's Avengers
LEGO Dimensions,Lego Batman 3: Beyond Gotham
LEGO Dimensions,LEGO The Hobbit
LEGO Dimensions,The Lego Ninjago Movie Videogame
LEGO Dimensions,LEGO Marvel Super Heroes 2
LEGO Dimensions,LEGO Marvel's Avengers
LEGO Dimensions,LEGO Marvel's Avengers
LEGO Dimensions,Lego Batman 3: Beyond Gotham
LEGO Dimensions,Lego Batman 3: Beyond Gotham
LEGO Dimensions,LEGO The Hobbit
LEGO Dimensions,LEGO Worlds
LEGO Dimensions,LEGO Marvel Super Heroes 2
LEGO Dimensions,LEGO Marvel's Avengers
LEGO Dimensions,Lego Batman 3: Beyond Gotham
LEGO Dimensions,LEGO The Hobbit
LEGO Dimensions,The Lego Ninjago Movie Videogame
LEGO Dimensions,LEGO Worlds
LEGO Dimensions,LEGO Marvel Super Heroes 2
LEGO Dimensions,LEGO Marvel's Avengers
LEGO Dimensions,Lego Batman 3: Beyond Gotham
LEGO Dimensions,LEGO The Hobbit
LEGO Dimensions,The Lego Ninjago Movie Videogame
LEGO Dimensions,LEGO Marvel Super Heroes 2
LEGO Dimensions,LEGO Marvel's Avengers
LEGO Dimensions,LEGO Marvel's Avengers
LEGO Dimensions,Lego Batman 3: Beyond Gotham
LEGO Dimensions,LEGO Worlds
LEGO Dimensions,LEGO Worlds
LEGO Dimensions,LEGO Marvel Super Heroes 2
LEGO Dimensions,LEGO Marvel's Avengers
LEGO Dimensions,Lego Batman 3: Beyond Gotham
LEGO Dimensions,LEGO Worlds
LEGO Dimensions,LEGO Marvel's Avengers
LEGO Dimensions,Lego Batman 3: Beyond Gotham
LEGO Dimensions,LEGO The Hobbit
LEGO Dimensions,The Lego Ninjago Movie Videogame
LEGO Dimensions,LEGO Worlds
LEGO Dimensions,LEGO Marvel Super Heroes 2
LEGO Dimensions,LEGO Marvel's Avengers
LEGO Dimensions,Lego Batman 3: Beyond Gotham
LEGO Dimensions,LEGO The Hobbit
LEGO Dimensions,LEGO Worlds
LEGO Dimensions,LEGO Marvel Super Heroes 2
LEGO Dimensions,LEGO Marvel's Avengers
LEGO Dimensions,Lego Batman 3: Beyond Gotham
LEGO Dimensions,LEGO The Hobbit
LEGO Dimensions,The Lego Ninjago Movie Videogame
LEGO Dimensions,LEGO Worlds
LEGO Dimensions,LEGO Marvel Super Heroes 2
LEGO Dimensions,LEGO Marvel's Avengers
LEGO Dimensions,Lego Batman 3: Beyond Gotham
LEGO Dimensions,LEGO The Hobbit
LEGO Dimensions,LEGO Worlds
LEGO Dimensions,LEGO Marvel Super Heroes 2
LEGO Dimensions,LEGO Marvel's Avengers
LEGO Dimensions,Lego Batman 3: Beyond Gotham
LEGO Dimensions,LEGO The Hobbit
LEGO Dimensions,The Lego Ninjago Movie Videogame
LEGO Dimensions,LEGO Worlds
LEGO Dimensions,LEGO Marvel Super Heroes 2
LEGO Dimensions,LEGO Marvel's Avengers
LEGO Dimensions,Lego Batman 3: Beyond Gotham
LEGO Dimensions,LEGO The Hobbit
LEGO Dimensions,LEGO Worlds
LEGO Dimensions,LEGO Marvel Super Heroes 2
LEGO Dimensions,LEGO Marvel's Avengers
LEGO Dimensions,Lego Batman 3: Beyond Gotham
LEGO Dimensions,LEGO The Hobbit
LEGO Dimensions,LEGO The Hobbit
LEGO Dimensions,LEGO Marvel's Avengers
LEGO Dimensions,Lego Batman 3: Beyond Gotham
LEGO Dimensions,LEGO The Hobbit
LEGO Dimensions,LEGO Marvel Super Heroes 2
LEGO Dimensions,LEGO The Hobbit
LEGO Dimensions,LEGO Worlds
LEGO Dimensions,LEGO Marvel Super Heroes 2
LEGO Dimensions,LEGO Marvel's Avengers
LEGO Dimensions,Lego Batman 3: Beyond Gotham
LEGO Dimensions,LEGO The Hobbit
LEGO Dimensions,LEGO Worlds
LEGO Dimensions,LEGO Marvel Super Heroes 2
LEGO Dimensions,LEGO Marvel's Avengers
LEGO Dimensions,Lego Batman 3: Beyond Gotham
LEGO Dimensions,LEGO The Hobbit
LEGO Dimensions,LEGO Worlds
LEGO Dimensions,LEGO Marvel's Avengers
LEGO Dimensions,Lego Batman 3: Beyond Gotham
LEGO Dimensions,LEGO The Hobbit
LEGO Dimensions,LEGO Worlds
LEGO Dimensions,LEGO Marvel Super Heroes 2
LEGO Dimensions,LEGO Worlds
LEGO Dimensions,LEGO Marvel Super Heroes 2
LEGO Dimensions,LEGO Marvel's Avengers
LEGO Dimensions,LEGO The Hobbit
LEGO Dimensions,LEGO The Hobbit
LEGO Dimensions,LEGO Worlds
LEGO Dimensions,LEGO Worlds
LEGO Dimensions,LEGO Marvel Super Heroes 2
LEGO Dimensions,LEGO Marvel's Avengers
LEGO Dimensions,Lego Batman 3: Beyond Gotham
LEGO Dimensions,LEGO The Hobbit
LEGO Dimensions,The Lego Ninjago Movie Videogame
LEGO Jurassic World,LEGO Marvel's Avengers
LEGO Jurassic World,Lego Batman 3: Beyond Gotham
LEGO Jurassic World,LEGO The Hobbit
LEGO Jurassic World,LEGO The Hobbit
LEGO Jurassic World,The Lego Ninjago Movie Videogame
LEGO Jurassic World,The Lego Ninjago Movie Videogame
LEGO Jurassic World,The Lego Ninjago Movie Videogame
LEGO Jurassic World,The Lego Ninjago Movie Videogame
LEGO Jurassic World,The Lego Ninjago Movie Videogame
LEGO Jurassic World,The Lego Ninjago Movie Videogame
LEGO Jurassic World,The Lego Ninjago Movie Videogame
LEGO Jurassic World,The Lego Ninjago Movie Videogame
LEGO Jurassic World,The Lego Ninjago Movie Videogame
LEGO Jurassic World,The Lego Ninjago Movie Videogame
LEGO Jurassic World,The Lego Ninjago Movie Videogame
LEGO Jurassic World,The Lego Ninjago Movie Videogame
LEGO Jurassic World,The Lego Ninjago Movie Videogame
LEGO Worlds,LEGO Marvel Super Heroes 2
LEGO Worlds,LEGO Marvel Super Heroes 2
LEGO Worlds,LEGO Marvel Super Heroes 2
LEGO Worlds,LEGO Marvel's Avengers
LEGO Worlds,Lego Batman 3: Beyond Gotham
LEGO Worlds,LEGO Marvel Super Heroes 2
LEGO Worlds,LEGO Marvel's Avengers
LEGO Worlds,Lego Batman 3: Beyond Gotham
LEGO Worlds,LEGO The Hobbit
LEGO Worlds,The Lego Ninjago Movie Videogame
LEGO Worlds,LEGO Marvel Super Heroes 2
LEGO Worlds,LEGO Marvel's Avengers
LEGO Worlds,LEGO Marvel Super Heroes 2
LEGO Worlds,LEGO Marvel's Avengers
LEGO Worlds,The Lego Ninjago Movie Videogame
LEGO Worlds,LEGO Marvel Super Heroes 2
LEGO Worlds,LEGO Marvel's Avengers
LEGO Worlds,Lego Batman 3: Beyond Gotham
LEGO Worlds,LEGO The Hobbit
LEGO Worlds,The Lego Ninjago Movie Videogame
LEGO Worlds,LEGO Marvel's Avengers
LEGO Worlds,Lego Batman 3: Beyond Gotham
LEGO Worlds,LEGO The Hobbit
LEGO Worlds,The Lego Ninjago Movie Videogame
LEGO Worlds,LEGO Marvel Super Heroes 2
LEGO Worlds,LEGO Marvel's Avengers
LEGO Worlds,Lego Batman 3: Beyond Gotham
LEGO Worlds,LEGO The Hobbit
LEGO Worlds,LEGO Marvel Super Heroes 2
LEGO Worlds,LEGO Marvel's Avengers
LEGO Worlds,Lego Batman 3: Beyond Gotham
LEGO Worlds,LEGO The Hobbit
LEGO Worlds,The Lego Ninjago Movie Videogame
LEGO Worlds,LEGO Marvel Super Heroes 2
LEGO Worlds,LEGO Marvel's Avengers
LEGO Worlds,Lego Batman 3: Beyond Gotham
LEGO Worlds,LEGO The Hobbit
LEGO Worlds,LEGO Marvel Super Heroes 2
LEGO Worlds,LEGO Marvel's Avengers
LEGO Worlds,Lego Batman 3: Beyond Gotham
LEGO Worlds,LEGO The Hobbit
LEGO Worlds,The Lego Ninjago Movie Videogame
LEGO Worlds,LEGO Marvel Super Heroes 2
LEGO Worlds,LEGO Marvel's Avengers
LEGO Worlds,Lego Batman 3: Beyond Gotham
LEGO Worlds,LEGO The Hobbit
LEGO Worlds,The Lego Ninjago Movie Videogame
LEGO Worlds,LEGO Marvel Super Heroes 2
LEGO Worlds,LEGO Marvel's Avengers
LEGO Worlds,Lego Batman 3: Beyond Gotham
LEGO Worlds,LEGO The Hobbit
LEGO Worlds,LEGO Marvel's Avengers
LEGO Worlds,Lego Batman 3: Beyond Gotham
LEGO Worlds,LEGO The Hobbit
LEGO Worlds,LEGO Marvel Super Heroes 2
LEGO Worlds,LEGO Marvel's Avengers
LEGO Worlds,Lego Batman 3: Beyond Gotham
LEGO Worlds,LEGO The Hobbit
LEGO Worlds,LEGO Marvel Super Heroes 2
LEGO Worlds,LEGO Marvel's Avengers
LEGO Worlds,Lego Batman 3: Beyond Gotham
LEGO Worlds,LEGO The Hobbit
LEGO Worlds,LEGO Marvel Super Heroes 2
LEGO Worlds,LEGO Marvel Super Heroes 2
LEGO Worlds,LEGO Marvel's Avengers
LEGO Worlds,LEGO The Hobbit
LEGO Worlds,LEGO Marvel Super Heroes 2
LEGO Worlds,LEGO Marvel Super Heroes 2
LEGO Worlds,LEGO Marvel Super Heroes 2
LEGO Worlds,LEGO Marvel's Avengers
LEGO Worlds,Lego Batman 3: Beyond Gotham
LEGO Worlds,LEGO The Hobbit
LEGO Worlds,Lego Batman 3: Beyond Gotham
LEGO Worlds,LEGO Marvel Super Heroes 2
LEGO Worlds,LEGO Marvel's Avengers
LEGO Worlds,Lego Batman 3: Beyond Gotham
LEGO Worlds,LEGO Marvel Super Heroes 2
LEGO Worlds,LEGO Marvel's Avengers
LEGO Worlds,Lego Batman 3: Beyond Gotham
LEGO Worlds,LEGO The Hobbit
LEGO Worlds,The Lego Ninjago Movie Videogame
LEGO Marvel Super Heroes 2,LEGO Marvel's Avengers
LEGO Marvel Super Heroes 2,Lego Batman 3: Beyond Gotham
LEGO Marvel Super Heroes 2,LEGO Marvel's Avengers
LEGO Marvel Super Heroes 2,Lego Batman 3: Beyond Gotham
LEGO Marvel Super Heroes 2,LEGO Marvel's Avengers
LEGO Marvel Super Heroes 2,LEGO Marvel's Avengers
LEGO Marvel Super Heroes 2,LEGO Marvel's Avengers
LEGO Marvel Super Heroes 2,Lego Batman 3: Beyond Gotham
LEGO Marvel Super Heroes 2,Lego Batman 3: Beyond Gotham
LEGO Marvel Super Heroes 2,LEGO The Hobbit
LEGO Marvel Super Heroes 2,LEGO Marvel's Avengers
LEGO Marvel Super Heroes 2,Lego Batman 3: Beyond Gotham
LEGO Marvel Super Heroes 2,LEGO The Hobbit
LEGO Marvel Super Heroes 2,The Lego Ninjago Movie Videogame
LEGO Marvel Super Heroes 2,LEGO The Hobbit
LEGO Marvel Super Heroes 2,LEGO Marvel's Avengers
LEGO Marvel Super Heroes 2,Lego Batman 3: Beyond Gotham
LEGO Marvel Super Heroes 2,LEGO The Hobbit
LEGO Marvel Super Heroes 2,The Lego Ninjago Movie Videogame
LEGO Marvel Super Heroes 2,LEGO Marvel's Avengers
LEGO Marvel Super Heroes 2,LEGO Marvel's Avengers
LEGO Marvel Super Heroes 2,Lego Batman 3: Beyond Gotham
LEGO Marvel Super Heroes 2,LEGO Marvel's Avengers
LEGO Marvel Super Heroes 2,LEGO Marvel's Avengers
LEGO Marvel Super Heroes 2,The Lego Ninjago Movie Videogame
LEGO Marvel Super Heroes 2,LEGO Marvel's Avengers
LEGO Marvel Super Heroes 2,Lego Batman 3: Beyond Gotham
LEGO Marvel Super Heroes 2,LEGO Marvel's Avengers
LEGO Marvel Super Heroes 2,Lego Batman 3: Beyond Gotham
LEGO Marvel Super Heroes 2,LEGO The Hobbit
LEGO Marvel Super Heroes 2,LEGO Marvel's Avengers
LEGO Marvel Super Heroes 2,Lego Batman 3: Beyond Gotham
LEGO Marvel Super Heroes 2,LEGO The Hobbit
LEGO Marvel Super Heroes 2,The Lego Ninjago Movie Videogame
LEGO Marvel Super Heroes 2,The Lego Ninjago Movie Videogame
LEGO Marvel Super Heroes 2,LEGO Marvel's Avengers
LEGO Marvel Super Heroes 2,Lego Batman 3: Beyond Gotham
LEGO Marvel Super Heroes 2,LEGO The Hobbit
LEGO Marvel Super Heroes 2,LEGO Marvel's Avengers
LEGO Marvel Super Heroes 2,Lego Batman 3: Beyond Gotham
LEGO Marvel Super Heroes 2,LEGO The Hobbit
LEGO Marvel Super Heroes 2,The Lego Ninjago Movie Videogame
LEGO Marvel Super Heroes 2,LEGO Marvel's Avengers
LEGO Marvel Super Heroes 2,Lego Batman 3: Beyond Gotham
LEGO Marvel Super Heroes 2,LEGO The Hobbit
LEGO Marvel Super Heroes 2,LEGO Marvel's Avengers
LEGO Marvel Super Heroes 2,Lego Batman 3: Beyond Gotham
LEGO Marvel Super Heroes 2,LEGO The Hobbit
LEGO Marvel Super Heroes 2,LEGO Marvel's Avengers
LEGO Marvel Super Heroes 2,LEGO Marvel's Avengers
LEGO Marvel Super Heroes 2,Lego Batman 3: Beyond Gotham
LEGO Marvel Super Heroes 2,LEGO The Hobbit
LEGO Marvel Super Heroes 2,LEGO Marvel's Avengers
LEGO Marvel Super Heroes 2,Lego Batman 3: Beyond Gotham
LEGO Marvel Super Heroes 2,LEGO The Hobbit
LEGO Marvel Super Heroes 2,LEGO Marvel's Avengers
LEGO Marvel Super Heroes 2,LEGO The Hobbit
LEGO Marvel Super Heroes 2,LEGO Marvel's Avengers
LEGO Marvel Super Heroes 2,LEGO Marvel's Avengers
LEGO Marvel Super Heroes 2,Lego Batman 3: Beyond Gotham
LEGO Marvel Super Heroes 2,LEGO The Hobbit
LEGO Marvel Super Heroes 2,The Lego Ninjago Movie Videogame
Prey (2017),Dishonored
Prey (2017),Dishonored
Prey (2017),Dishonored
Prey (2017),Dishonored
LEGO Marvel's Avengers,LEGO The Hobbit
LEGO Marvel's Avengers,Lego Batman 3: Beyond Gotham
LEGO Marvel's Avengers,LEGO The Hobbit
LEGO Marvel's Avengers,LEGO The Hobbit
LEGO Marvel's Avengers,Lego Batman 3: Beyond Gotham
LEGO Marvel's Avengers,Lego Batman 3: Beyond Gotham
LEGO Marvel's Avengers,LEGO The Hobbit
LEGO Marvel's Avengers,The Lego Ninjago Movie Videogame
LEGO Marvel's Avengers,Lego Batman 3: Beyond Gotham
LEGO Marvel's Avengers,LEGO The Hobbit
LEGO Marvel's Avengers,Lego Batman 3: Beyond Gotham
LEGO Marvel's Avengers,LEGO The Hobbit
LEGO Marvel's Avengers,The Lego Ninjago Movie Videogame
LEGO Marvel's Avengers,Lego Batman 3: Beyond Gotham
LEGO Marvel's Avengers,LEGO The Hobbit
LEGO Marvel's Avengers,Lego Batman 3: Beyond Gotham
LEGO Marvel's Avengers,The Lego Ninjago Movie Videogame
LEGO Marvel's Avengers,Lego Batman 3: Beyond Gotham
LEGO Marvel's Avengers,Lego Batman 3: Beyond Gotham
LEGO Marvel's Avengers,LEGO The Hobbit
LEGO Marvel's Avengers,Lego Batman 3: Beyond Gotham
LEGO Marvel's Avengers,Lego Batman 3: Beyond Gotham
LEGO Marvel's Avengers,Lego Batman 3: Beyond Gotham
LEGO Marvel's Avengers,LEGO The Hobbit
LEGO Marvel's Avengers,Lego Batman 3: Beyond Gotham
LEGO Marvel's Avengers,LEGO The Hobbit
LEGO Marvel's Avengers,The Lego Ninjago Movie Videogame
LEGO Marvel's Avengers,Lego Batman 3: Beyond Gotham
LEGO Marvel's Avengers,LEGO The Hobbit
LEGO Marvel's Avengers,The Lego Ninjago Movie Videogame
LEGO Marvel's Avengers,Lego Batman 3: Beyond Gotham
LEGO Marvel's Avengers,LEGO The Hobbit
LEGO Marvel's Avengers,The Lego Ninjago Movie Videogame
LEGO Marvel's Avengers,Lego Batman 3: Beyond Gotham
LEGO Marvel's Avengers,LEGO The Hobbit
LEGO Marvel's Avengers,Lego Batman 3: Beyond Gotham
LEGO Marvel's Avengers,LEGO The Hobbit
LEGO Marvel's Avengers,Lego Batman 3: Beyond Gotham
LEGO Marvel's Avengers,Lego Batman 3: Beyond Gotham
LEGO Marvel's Avengers,LEGO The Hobbit
LEGO Marvel's Avengers,Lego Batman 3: Beyond Gotham
LEGO Marvel's Avengers,LEGO The Hobbit
LEGO Marvel's Avengers,Lego Batman 3: Beyond Gotham
LEGO Marvel's Avengers,LEGO The Hobbit
LEGO Marvel's Avengers,Lego Batman 3: Beyond Gotham
LEGO Marvel's Avengers,LEGO The Hobbit
LEGO Marvel's Avengers,LEGO The Hobbit
LEGO Marvel's Avengers,Lego Batman 3: Beyond Gotham
LEGO Marvel's Avengers,Lego Batman 3: Beyond Gotham
LEGO Marvel's Avengers,LEGO The Hobbit
LEGO Marvel's Avengers,The Lego Ninjago Movie Videogame
Lego Batman 3: Beyond Gotham,LEGO The Hobbit
Lego Batman 3: Beyond Gotham,LEGO The Hobbit
Lego Batman 3: Beyond Gotham,LEGO The Hobbit
Lego Batman 3: Beyond Gotham,LEGO The Hobbit
Lego Batman 3: Beyond Gotham,The Lego Ninjago Movie Videogame
Lego Batman 3: Beyond Gotham,LEGO The Hobbit
Lego Batman 3: Beyond Gotham,The Lego Ninjago Movie Videogame
Lego Batman 3: Beyond Gotham,LEGO The Hobbit
Lego Batman 3: Beyond Gotham,The Lego Ninjago Movie Videogame
Lego Batman 3: Beyond Gotham,LEGO The Hobbit
Lego Batman 3: Beyond Gotham,LEGO The Hobbit
Lego Batman 3: Beyond Gotham,The Lego Ninjago Movie Videogame
Lego Batman 3: Beyond Gotham,LEGO The Hobbit
Lego Batman 3: Beyond Gotham,LEGO The Hobbit
Lego Batman 3: Beyond Gotham,LEGO The Hobbit
Lego Batman 3: Beyond Gotham,The Lego Ninjago Movie Videogame
Lego Batman 3: Beyond Gotham,LEGO The Hobbit
Lego Batman 3: Beyond Gotham,LEGO The Hobbit
Lego Batman 3: Beyond Gotham,LEGO The Hobbit
Lego Batman 3: Beyond Gotham,LEGO The Hobbit
Lego Batman 3: Beyond Gotham,LEGO The Hobbit
Lego Batman 3: Beyond Gotham,LEGO The Hobbit
Lego Batman 3: Beyond Gotham,LEGO The Hobbit
Lego Batman 3: Beyond Gotham,LEGO The Hobbit
Lego Batman 3: Beyond Gotham,The Lego Ninjago Movie Videogame
God of War III,Payday 2
Thief 4,Deus Ex: Mankind Divided
Thief 4,Deus Ex: Mankind Divided
Farming Simulator 17,Farming Simulator 2015
Farming Simulator 17,Farming Simulator 2015
Farming Simulator 17,Farming Simulator 2015
Farming Simulator 17,Farming Simulator 2015
Farming Simulator 17,Farming Simulator 2015
The Crew 2,Assassin's Creed The Ezio Collection
Assassin's Creed The Ezio Collection,Child of Light
Assassin's Creed The Ezio Collection,Child of Light
Assassin's Creed The Ezio Collection,Child of Light
Sniper Elite 3,Sniper Elite 4
Sniper Elite 3,Sniper Elite 4
Sniper Elite 3,Sniper Elite 4
Sniper Elite 3,Sniper Elite 4
Sniper Elite 3,Sniper Elite 4
Plants vs Zombies: Garden Warfare,Plants vs. Zombies: Garden Warfare 2
Plants vs Zombies: Garden Warfare,Plants vs. Zombies: Garden Warfare 2
Plants vs Zombies: Garden Warfare,Plants vs. Zombies: Garden Warfare 2
Plants vs Zombies: Garden Warfare,Plants vs. Zombies: Garden Warfare 2
Plants vs Zombies: Garden Warfare,Plants vs. Zombies: Garden Warfare 2
Plants vs Zombies: Garden Warfare,Plants vs. Zombies: Garden Warfare 2
Plants vs Zombies: Garden Warfare,Plants vs. Zombies: Garden Warfare 2
Plants vs Zombies: Garden Warfare,Plants vs. Zombies: Garden Warfare 2
Plants vs Zombies: Garden Warfare,Plants vs. Zombies: Garden Warfare 2
Plants vs Zombies: Garden Warfare,Plants vs. Zombies: Garden Warfare 2
Plants vs Zombies: Garden Warfare,Plants vs. Zombies: Garden Warfare 2
Plants vs Zombies: Garden Warfare,Plants vs. Zombies: Garden Warfare 2
LEGO The Hobbit,The Lego Ninjago Movie Videogame
LEGO The Hobbit,The Lego Ninjago Movie Videogame
LEGO The Hobbit,The Lego Ninjago Movie Videogame
LEGO The Hobbit,The Lego Ninjago Movie Videogame
LEGO The Hobbit,The Lego Ninjago Movie Videogame
LEGO The Hobbit,The Lego Ninjago Movie Videogame
DiRT 4,Batman: Arkham VR
Wolfenstein: The Old Blood,Wolfenstein The Two Pack
Wolfenstein: The Old Blood,Wolfenstein The Two Pack
Wolfenstein: The Old Blood,Wolfenstein The Two Pack
Wolfenstein: The Old Blood,Wolfenstein The Two Pack
Wolfenstein: The Old Blood,Wolfenstein The Two Pack
Wolfenstein: The Old Blood,Wolfenstein The Two Pack
Wolfenstein: The Old Blood,Wolfenstein The Two Pack
Wolfenstein: The Old Blood,Wolfenstein The Two Pack
Wolfenstein: The Old Blood,Wolfenstein The Two Pack
Wolfenstein: The Old Blood,Wolfenstein The Two Pack
Just Dance 2014,Just Dance 2018
Just Dance 2014,Just Dance 2017
Just Dance 2014,Just Dance 2017
Just Dance 2014,Just Dance 2018
Just Dance 2014,Just Dance 2017
Just Dance 2014,Just Dance 2017
Just Dance 2014,Just Dance 2018
Just Dance 2014,Just Dance 2018
Just Dance 2014,Just Dance 2017
Just Dance 2014,Just Dance 2017
Just Dance 2014,Just Dance 2018
Just Dance 2014,Just Dance 2017
Just Dance 2014,Just Dance 2018
Just Dance 2014,Just Dance 2018
Just Dance 2014,Just Dance 2017
Just Dance 2014,Just Dance 2017
Just Dance 2014,Just Dance 2018
Just Dance 2014,Just Dance 2017
Just Dance 2014,Just Dance 2018
Just Dance 2014,Just Dance 2017
Just Dance 2018,Just Dance 2017
Just Dance 2018,Just Dance 2017
Just Dance 2018,Just Dance 2017
Just Dance 2018,Just Dance 2017
Just Dance 2018,Just Dance 2017
Just Dance 2018,Just Dance 2017
Just Dance 2018,Just Dance 2017
Just Dance 2018,Just Dance 2017
Just Dance 2018,Just Dance 2017
Just Dance 2018,Just Dance 2017
Just Dance 2018,Just Dance 2017
Just Dance 2018,Just Dance 2017
Just Dance 2018,Just Dance 2017
Just Dance 2018,Just Dance 2017
Just Dance 2018,Just Dance 2017
Just Dance 2018,Just Dance 2017
Just Dance 2018,Just Dance 2017
Just Dance 2018,Just Dance 2017
The Escapists 2,Aven Colony
The Escapists 2,Aven Colony
Darksiders II,Darksiders: Warmastered Edition
Darksiders II,Darksiders: Warmastered Edition
Darksiders II,Darksiders: Warmastered Edition
Darksiders II,Darksiders: Warmastered Edition
Darksiders II,Darksiders: Warmastered Edition
Darksiders II,Darksiders: Warmastered Edition
Darksiders II,Darksiders: Warmastered Edition
Darksiders II,Darksiders: Warmastered Edition
Darksiders II,Darksiders: Warmastered Edition
Darksiders II,Darksiders: Warmastered Edition
Darksiders II,Darksiders: Warmastered Edition
Darksiders II,Darksiders: Warmastered Edition
Darksiders II,Darksiders: Warmastered Edition
Darksiders II,Darksiders: Warmastered Edition
Darksiders II,Darksiders: Warmastered Edition
Darksiders II,MX vs. ATV Supercross Encore
Darksiders II,Darksiders: Warmastered Edition
Samurai Warriors 4: Empires,Final Fantasy XIV Online Complete Edition
Samurai Warriors 4: Empires,Sudden Strike 4
Marvel's Guardians of the Galaxy: The Telltale Series,Game of Thrones (Telltale)
Marvel's Guardians of the Galaxy: The Telltale Series,Game of Thrones (Telltale)
Marvel's Guardians of the Galaxy: The Telltale Series,Game of Thrones (Telltale)
Darksiders: Warmastered Edition,MX vs. ATV Supercross Encore
Monster Energy Supercross - The Official Videogame,SŽbastien Loeb Rally Evo
Monster Energy Supercross - The Official Videogame,SŽbastien Loeb Rally Evo
Rime,Hellblade
Rime,Hellblade
Final Fantasy XIV Online Complete Edition,Sudden Strike 4
Resident Evil 5 HD,Resident Evil 5
Resident Evil 5 HD,Resident Evil 5
Resident Evil 5 HD,Resident Evil 5
Resident Evil 5 HD,Resident Evil 5
Resident Evil 5 HD,Resident Evil 5
Resident Evil 5 HD,Resident Evil 5
Styx: Shards of Darknes,Le Tour de France 2017
Styx: Shards of Darknes,Le Tour de France 2017
Styx: Shards of Darknes,Le Tour de France 2017
The Book of Unwritten Tales 2,The Dwarves
The Book of Unwritten Tales 2,The Dwarves
The Book of Unwritten Tales 2,The Dwarves
The Book of Unwritten Tales 2,The Dwarves
The Book of Unwritten Tales 2,The Dwarves
The Book of Unwritten Tales 2,The Dwarves
Vikings: Wolves of Midgard,Air Conflicts: Secret Wars
Vikings: Wolves of Midgard,Air Conflicts: Secret Wars
Vikings: Wolves of Midgard,Air Conflicts: Secret Wars
Vikings: Wolves of Midgard,Air Conflicts: Secret Wars
Vikings: Wolves of Midgard,Air Conflicts: Secret Wars
Vikings: Wolves of Midgard,Air Conflicts: Secret Wars
Vikings: Wolves of Midgard,Air Conflicts: Secret Wars
Vikings: Wolves of Midgard,Air Conflicts: Secret Wars
Vikings: Wolves of Midgard,Air Conflicts: Secret Wars
The Dwarves,This War of Mine
Uncharted 2: Among Thieves,Uncharted 3: Drake's Deception
Uncharted 2: Among Thieves,Uncharted: Drake's Fortune
Uncharted 2: Among Thieves,Uncharted: Drake's Fortune
Uncharted 2: Among Thieves,Uncharted: Drake's Fortune
Uncharted 2: Among Thieves,Uncharted 3: Drake's Deception
Uncharted 2: Among Thieves,Uncharted: Drake's Fortune
Uncharted 3: Drake's Deception,Uncharted: Drake's Fortune
